epoch,timestamp,job_id,arm_applied,had_choice,delegate,slices,free_slots,tms_available,tms_used,tms_hosting,busy_mean_ms_s,cv_busy_all,cv_busy_hosting,backpressure_mean_ms_s,idle_mean_ms_s,source_out_rps,sink_in_rps,throughput_per_slot,e2e_delay_ms,e2e_delay_spread_ms,state,reward,creditable,credit_note,q_before,q_after,arm_next,exploring,samples
1,2026-08-18T14:24:37,c0cad4c6b09472fa07e178d1980b71bf,STOCK,False,StateLocalitySlotAssigner,4,4,2,2,2,235.62,0.8795,0.427,262.16,354.01,7719.15,38.89,1929.79,19080.5,0.0,sat=LOW|imb=HIGH|bp=HIGH,0.5321,0,the assigner had no choice (freeSlots == slices),,,,0,3
2,2026-08-18T14:25:14,c0cad4c6b09472fa07e178d1980b71bf,STOCK,False,StateLocalitySlotAssigner,4,4,2,2,2,106.32,0.7613,0.2304,389.11,493.82,10894.55,33.33,2723.64,21978.1,0.0,sat=LOW|imb=HIGH|bp=HIGH,0.5678,0,the assigner had no choice (freeSlots == slices),,,,0,3
3,2026-08-18T14:26:35,c0cad4c6b09472fa07e178d1980b71bf,STOCK,False,StateLocalitySlotAssigner,6,6,3,3,3,203.03,0.8367,0.8367,331.95,427.79,7186.11,40.51,1197.68,16825.0,0.0,sat=LOW|imb=HIGH|bp=HIGH,0.5445,0,the assigner had no choice (freeSlots == slices),,,,0,3
4,2026-08-18T14:27:12,c0cad4c6b09472fa07e178d1980b71bf,STOCK,True,StateLocalitySlotAssigner,4,6,3,2,2,104.98,0.7071,0.0,417.32,479.28,15842.73,77.78,3960.68,20250.3,0.0,sat=LOW|imb=HIGH|bp=HIGH,0.5858,1,,,,,0,3
5,2026-08-18T14:28:34,c0cad4c6b09472fa07e178d1980b71bf,STOCK,False,StateLocalitySlotAssigner,6,6,3,3,3,217.22,0.9694,0.9694,366.09,403.9,9173.19,27.78,1528.86,17373.3,0.0,sat=LOW|imb=HIGH|bp=HIGH,0.5078,0,the assigner had no choice (freeSlots == slices),,,,0,3
6,2026-08-18T14:29:10,c0cad4c6b09472fa07e178d1980b71bf,STOCK,True,StateLocalitySlotAssigner,4,6,3,2,2,105.05,0.7071,0.0,420.96,479.26,16731.79,77.78,4182.95,19981.7,0.0,sat=LOW|imb=HIGH|bp=HIGH,0.5858,1,,,,,0,3
7,2026-08-18T14:30:27,c0cad4c6b09472fa07e178d1980b71bf,STOCK,False,StateLocalitySlotAssigner,6,6,3,3,3,322.46,0.4534,0.4534,291.97,330.59,6602.51,22.22,1100.42,17860.1,0.0,sat=MED|imb=HIGH|bp=HIGH,0.688,0,the assigner had no choice (freeSlots == slices),,,,0,3
8,2026-08-18T14:31:04,c0cad4c6b09472fa07e178d1980b71bf,STOCK,True,StateLocalitySlotAssigner,4,6,3,3,3,105.02,0.7071,0.7071,416.98,480.4,15580.21,61.11,3895.05,20134.4,0.0,sat=LOW|imb=HIGH|bp=HIGH,0.5858,1,,,,,0,3
9,2026-08-18T14:32:25,c0cad4c6b09472fa07e178d1980b71bf,STOCK,False,StateLocalitySlotAssigner,6,6,3,3,3,199.88,0.3522,0.3522,344.93,423.34,8597.19,33.33,1432.86,16654.0,0.0,sat=LOW|imb=MED|bp=HIGH,0.7395,0,the assigner had no choice (freeSlots == slices),,,,0,3
10,2026-08-18T14:33:02,c0cad4c6b09472fa07e178d1980b71bf,STOCK,True,StateLocalitySlotAssigner,4,6,3,3,3,105.07,0.7071,0.7071,420.07,480.72,16612.77,77.78,4153.19,20395.0,0.0,sat=LOW|imb=HIGH|bp=HIGH,0.5858,1,,,,,0,3
11,2026-08-18T14:34:23,c0cad4c6b09472fa07e178d1980b71bf,STOCK,False,StateLocalitySlotAssigner,6,6,3,3,3,94.2,0.7071,0.7071,411.99,498.17,10127.44,47.21,1687.91,17514.7,0.0,sat=LOW|imb=HIGH|bp=HIGH,0.5858,0,the assigner had no choice (freeSlots == slices),,,,0,3
12,2026-08-18T14:34:55,c0cad4c6b09472fa07e178d1980b71bf,STOCK,True,StateLocalitySlotAssigner,4,6,3,3,3,105.09,0.7071,0.7071,416.81,479.61,16148.99,80.72,4037.25,18416.8,0.0,sat=LOW|imb=HIGH|bp=HIGH,0.5858,1,,,,,0,3
13,2026-08-18T14:36:16,c0cad4c6b09472fa07e178d1980b71bf,STOCK,False,StateLocalitySlotAssigner,6,6,3,3,3,323.03,0.4537,0.4537,295.16,329.79,7885.32,27.78,1314.22,15873.1,0.0,sat=MED|imb=HIGH|bp=HIGH,0.6879,0,the assigner had no choice (freeSlots == slices),,,,0,3
14,2026-08-18T14:36:52,c0cad4c6b09472fa07e178d1980b71bf,STOCK,True,StateLocalitySlotAssigner,4,6,3,3,3,105.26,0.7071,0.7071,420.02,480.79,16003.48,61.11,4000.87,20161.2,0.0,sat=LOW|imb=HIGH|bp=HIGH,0.5858,1,,,,,0,3
15,2026-08-18T14:38:14,c0cad4c6b09472fa07e178d1980b71bf,STOCK,False,StateLocalitySlotAssigner,6,6,3,3,3,217.14,0.9693,0.9693,338.15,407.68,8143.49,20.64,1357.25,16728.7,0.0,sat=LOW|imb=HIGH|bp=HIGH,0.5078,0,the assigner had no choice (freeSlots == slices),,,,0,3
16,2026-08-18T14:38:50,c0cad4c6b09472fa07e178d1980b71bf,STOCK,True,StateLocalitySlotAssigner,4,6,3,3,3,105.09,0.7071,0.7071,417.46,480.23,17102.58,73.03,4275.64,20431.8,0.0,sat=LOW|imb=HIGH|bp=HIGH,0.5858,1,,,,,0,3
