distribution,strategy,throughput_ev_s,drop_pct,stale_pct,cores_avg,cost_per_mevent,tput_per_core
CONSTANT,FCFS,8317,0.0,0.0,2.02,243.23,4111
CONSTANT,BALANCED,8348,0.0,0.0,1.85,221.72,4510
CONSTANT,LEAST_LOADED,8256,0.0,0.0,1.80,217.48,4598
CONSTANT,BANDIT,8390,0.0,0.0,1.79,213.01,4695
CONSTANT,SARSA,8334,0.0,0.0,1.81,216.78,4613
CONSTANT,ADAPTIVE,8382,0.0,0.0,1.97,234.87,4258
CONSTANT,OFFLINE_BANDIT,8232,0.0,0.0,1.90,230.96,4330
CONSTANT,OFFLINE_BANDIT_V2,8571,0.0,0.0,1.95,227.09,4403
CONSTANT,LLM_BANDIT,7235,0.0,0.0,1.60,221.05,4524
CONSTANT,DEFAULT,8269,0.0,0.0,2.09,252.73,3957
SINE,FCFS,2384,0.0,0.0,1.55,651.21,1536
SINE,BALANCED,2162,0.0,0.0,1.29,597.65,1673
SINE,LEAST_LOADED,2479,0.0,0.0,1.62,654.10,1529
SINE,BANDIT,1729,0.0,0.0,1.37,792.94,1261
SINE,SARSA,1969,0.0,0.0,1.31,662.58,1509
SINE,ADAPTIVE,1611,0.0,0.0,1.48,920.60,1086
SINE,OFFLINE_BANDIT,2282,0.0,0.0,1.24,542.91,1842
SINE,OFFLINE_BANDIT_V2,1767,0.0,0.0,1.36,770.50,1298
SINE,LLM_BANDIT,1590,0.0,0.0,1.23,771.22,1297
SINE,DEFAULT,2568,0.0,0.0,1.49,579.42,1726
STEP,FCFS,3317,0.0,0.0,1.68,506.92,1973
STEP,BALANCED,3404,0.0,0.0,1.43,421.20,2374
STEP,LEAST_LOADED,3384,0.0,0.0,1.60,473.31,2113
STEP,BANDIT,3251,0.0,0.0,1.52,468.15,2136
STEP,SARSA,3345,0.0,0.0,1.54,459.59,2176
STEP,ADAPTIVE,3325,0.0,0.0,1.74,522.55,1914
STEP,OFFLINE_BANDIT,3358,0.0,0.0,1.43,426.78,2343
STEP,OFFLINE_BANDIT_V2,3456,0.0,0.0,1.61,465.94,2146
STEP,LLM_BANDIT,3006,0.0,0.0,1.47,489.63,2042
STEP,DEFAULT,3318,0.0,0.0,1.61,483.93,2066
