epoch,timestamp,job_id,arm_applied,had_choice,delegate,slices,free_slots,tms_available,tms_used,tms_hosting,busy_mean_ms_s,cv_busy_all,cv_busy_hosting,backpressure_mean_ms_s,idle_mean_ms_s,source_out_rps,sink_in_rps,throughput_per_slot,e2e_delay_ms,e2e_delay_spread_ms,state,reward,creditable,credit_note,q_before,q_after,arm_next,exploring,samples,restart_gap_s,recovery_s,rescale_deficit_events,recovery_samples
1,2026-08-25T18:21:31,3eac1db1763c87e04fa853734af9b1e8,PACK,False,,12,12,3,3,3,96.35,0.4079,0.4079,321.82,582.13,27644.15,27.78,2303.68,33541.6,0.0,sat=LOW|imb=HIGH|bp=HIGH,0.7103,0,the assigner had no choice (freeSlots == slices),,,,0,3,54.4,54.4,56679.2,32
2,2026-08-25T18:22:27,3eac1db1763c87e04fa853734af9b1e8,PACK,True,,6,12,3,2,2,67.17,1.1035,0.6917,349.07,614.77,14602.93,83.33,2433.82,22349.7,0.0,sat=LOW|imb=HIGH|bp=HIGH,0.4754,1,,,,,0,3,11.0,11.0,127245.8,63
3,2026-08-25T18:23:39,3eac1db1763c87e04fa853734af9b1e8,PACK,False,,12,12,3,3,3,90.1,0.6539,0.6539,272.81,637.29,22451.41,48.29,1870.95,33986.7,0.0,sat=LOW|imb=HIGH|bp=HIGH,0.6046,0,the assigner had no choice (freeSlots == slices),,,,0,3,4.3,4.3,48005.9,61
4,2026-08-25T18:24:29,3eac1db1763c87e04fa853734af9b1e8,PACK,True,,6,12,3,2,2,68.76,1.2026,0.7943,357.85,592.24,15383.09,51.85,2563.85,27947.4,0.0,sat=LOW|imb=HIGH|bp=HIGH,0.454,1,,,,,0,3,4.2,4.2,13898.7,64
6,2026-08-25T18:26:02,3eac1db1763c87e04fa853734af9b1e8,PACK,False,,12,12,3,3,3,67.55,0.963,0.963,284.15,655.06,17218.98,38.89,1434.91,33305.1,0.0,sat=LOW|imb=HIGH|bp=HIGH,0.5094,0,the assigner had no choice (freeSlots == slices),,,,0,3,2.3,2.3,0.0,63
7,2026-08-25T18:26:51,3eac1db1763c87e04fa853734af9b1e8,PACK,True,,6,12,3,2,2,87.62,1.3741,0.962,346.65,574.1,15984.86,69.79,2664.14,28887.5,0.0,sat=LOW|imb=HIGH|bp=HIGH,0.4212,1,,,,,0,3,6.5,6.5,71414.7,64
8,2026-08-25T18:28:03,3eac1db1763c87e04fa853734af9b1e8,PACK,False,,12,12,3,3,3,67.92,0.5154,0.5154,292.32,642.41,26449.92,61.11,2204.16,29376.5,87.0,sat=LOW|imb=HIGH|bp=HIGH,0.6599,0,the assigner had no choice (freeSlots == slices),,,,0,3,9.9,9.9,215200.2,61
9,2026-08-25T18:28:54,3eac1db1763c87e04fa853734af9b1e8,PACK,True,,6,12,3,2,2,143.33,1.1313,0.7211,331.15,525.52,18149.37,66.65,3024.89,22895.3,0.0,sat=LOW|imb=HIGH|bp=HIGH,0.4692,1,,,,,0,3,9.6,9.6,129813.2,63
10,2026-08-25T18:30:40,3eac1db1763c87e04fa853734af9b1e8,PACK,False,,12,12,3,3,3,58.48,0.6731,0.6731,304.62,658.98,25953.84,56.47,2162.82,31277.0,2306.7,sat=LOW|imb=HIGH|bp=HIGH,0.5977,0,the assigner had no choice (freeSlots == slices),,,,0,3,3.6,3.6,27987.8,55
11,2026-08-25T18:31:33,3eac1db1763c87e04fa853734af9b1e8,PACK,False,,12,12,3,3,3,59.86,1.0677,1.0677,275.75,519.18,12487.87,61.11,1040.66,31006.7,0.0,sat=LOW|imb=HIGH|bp=HIGH,0.4836,0,the assigner had no choice (freeSlots == slices),,,,0,3,7.8,7.8,64434.2,61
12,2026-08-25T18:32:25,3eac1db1763c87e04fa853734af9b1e8,PACK,False,,12,12,3,3,3,83.65,0.3609,0.3609,304.52,615.22,29310.06,66.67,2442.51,28651.3,0.0,sat=LOW|imb=MED|bp=HIGH,0.7348,0,the assigner had no choice (freeSlots == slices),,,,0,3,11.7,11.7,288663.4,65
13,2026-08-25T18:33:16,3eac1db1763c87e04fa853734af9b1e8,PACK,True,,6,12,3,2,2,99.19,0.8317,0.3575,342.49,565.03,17254.29,77.78,2875.72,23938.7,0.3,sat=LOW|imb=HIGH|bp=HIGH,0.5459,1,,,,,0,3,9.1,9.1,108045.2,63
14,2026-08-25T18:34:36,3eac1db1763c87e04fa853734af9b1e8,PACK,False,,12,12,3,3,3,391.52,0.1425,0.1425,180.8,445.77,10716.31,46.3,893.03,28357.5,0.0,sat=MED|imb=LOW|bp=MED,0.8753,0,the assigner had no choice (freeSlots == slices),,,,0,3,9.1,9.1,67104.8,123
15,2026-08-25T18:35:12,3eac1db1763c87e04fa853734af9b1e8,PACK,False,,12,12,3,3,3,367.72,0.7413,0.7413,212.11,420.36,16757.98,41.31,1396.5,28859.6,1976.3,sat=MED|imb=HIGH|bp=MED,0.5743,0,the assigner had no choice (freeSlots == slices),,,,0,3,2.9,4.0,24031.3,54
16,2026-08-25T18:35:56,3eac1db1763c87e04fa853734af9b1e8,PACK,True,,6,12,3,2,2,82.54,1.2132,0.8049,348.0,575.36,15807.36,72.22,2634.56,25663.7,0.0,sat=LOW|imb=HIGH|bp=HIGH,0.4518,1,,,,,0,3,8.9,8.9,81723.6,64
17,2026-08-25T18:37:08,3eac1db1763c87e04fa853734af9b1e8,PACK,False,,12,12,3,3,3,169.94,0.3616,0.3616,252.29,581.84,17578.58,33.31,1464.88,32975.4,12419.0,sat=LOW|imb=MED|bp=HIGH,0.7344,0,the assigner had no choice (freeSlots == slices),,,,0,3,2.8,2.8,18888.5,63
18,2026-08-25T18:37:56,3eac1db1763c87e04fa853734af9b1e8,PACK,True,,6,12,3,2,2,63.21,1.4142,1.0,363.16,590.7,15248.13,66.67,2541.35,26769.7,0.0,sat=LOW|imb=HIGH|bp=HIGH,0.4142,1,,,,,0,3,5.0,5.0,32518.6,64
19,2026-08-25T18:39:07,3eac1db1763c87e04fa853734af9b1e8,PACK,False,,12,12,3,3,3,67.47,0.2964,0.2964,293.61,645.65,26828.43,50.0,2235.7,27627.8,0.0,sat=LOW|imb=MED|bp=HIGH,0.7714,0,the assigner had no choice (freeSlots == slices),,,,0,3,9.8,9.8,231325.4,63
22,2026-08-25T18:40:27,3eac1db1763c87e04fa853734af9b1e8,PACK,True,,6,12,3,2,2,68.74,1.4142,1.0,356.7,603.94,10995.62,66.67,1832.6,28686.9,66.7,sat=LOW|imb=HIGH|bp=HIGH,0.4142,1,,,,,0,3,3.1,3.1,12417.1,55
23,2026-08-25T18:41:38,3eac1db1763c87e04fa853734af9b1e8,PACK,False,,12,12,3,3,3,62.05,0.7552,0.7552,243.64,563.55,19425.88,36.11,1618.82,32630.4,0.0,sat=LOW|imb=HIGH|bp=MED,0.5697,0,the assigner had no choice (freeSlots == slices),,,,0,3,8.0,8.0,130418.7,61
24,2026-08-25T18:42:28,3eac1db1763c87e04fa853734af9b1e8,PACK,True,,6,12,3,2,2,76.7,1.3826,0.9701,343.11,589.11,15517.43,79.03,2586.24,21652.4,0.0,sat=LOW|imb=HIGH|bp=HIGH,0.4197,1,,,,,0,3,10.6,10.6,144171.6,64
25,2026-08-25T18:43:40,3eac1db1763c87e04fa853734af9b1e8,PACK,False,,12,12,3,3,3,61.22,0.5007,0.5007,272.02,676.31,16559.94,33.33,1379.99,40011.6,1.0,sat=LOW|imb=HIGH|bp=HIGH,0.6664,0,the assigner had no choice (freeSlots == slices),,,,0,3,2.7,2.7,17809.6,62
26,2026-08-25T18:44:55,3eac1db1763c87e04fa853734af9b1e8,PACK,False,,12,12,3,3,3,378.77,0.8345,0.8345,229.69,412.6,12466.29,42.56,1038.86,28303.1,0.0,sat=MED|imb=HIGH|bp=MED,0.5451,0,the assigner had no choice (freeSlots == slices),,,,0,3,2.7,2.7,13407.1,117
27,2026-08-25T18:45:35,3eac1db1763c87e04fa853734af9b1e8,PACK,False,,12,12,3,3,3,400.27,0.1357,0.1357,164.46,443.04,8792.16,50.0,732.68,27925.7,0.0,sat=MED|imb=LOW|bp=MED,0.8805,0,the assigner had no choice (freeSlots == slices),,,,0,3,5.1,5.1,8963.7,62
28,2026-08-25T18:46:10,3eac1db1763c87e04fa853734af9b1e8,PACK,False,,12,12,3,3,3,88.06,0.6348,0.6348,280.28,631.66,23601.56,68.48,1966.8,34509.2,4332.0,sat=LOW|imb=HIGH|bp=HIGH,0.6117,0,the assigner had no choice (freeSlots == slices),,,,0,3,4.2,4.2,48394.4,64
29,2026-08-25T18:46:54,3eac1db1763c87e04fa853734af9b1e8,PACK,False,,12,12,3,3,3,75.29,0.875,0.875,330.68,645.31,16903.9,51.84,1408.66,22014.1,0.0,sat=LOW|imb=HIGH|bp=HIGH,0.5333,0,the assigner had no choice (freeSlots == slices),,,,0,3,4.2,4.2,34661.0,108
30,2026-08-25T18:47:26,3eac1db1763c87e04fa853734af9b1e8,PACK,True,,6,12,3,2,2,74.08,1.4142,1.0,350.65,581.84,18120.24,74.07,3020.04,23961.6,0.0,sat=LOW|imb=HIGH|bp=HIGH,0.4142,1,,,,,0,3,10.8,10.8,129737.6,66
